Date,timestamp_x,BTC,timestamp_y,ETH,AAPL,TSLA,NVDA,BTC_ret,ETH_ret,AAPL_ret,TSLA_ret,NVDA_ret,BTC_vol,ETH_vol,AAPL_vol,TSLA_vol,NVDA_vol,Event,is_event_day
2025-01-12,1736640000000.0,94559.55167224212,1736640000000.0,3283.591322828503,,,,,,,,,,,,,,,False
2025-01-13,1736726400000.0,94454.77089638809,1736726400000.0,3264.070968533687,233.8359222412109,403.30999755859375,133.20849609375,-0.0011080929848019672,-0.0059448184550570105,,,,,,,,,,False
2025-01-14,1736812800000.0,94456.3493746993,1736812800000.0,3134.5520394596483,232.71861267089844,396.3599853515625,131.7387237548828,1.6711472551778073e-05,-0.03968018168802934,-0.004778177619604196,-0.017232432245921525,-0.011033623094376721,,,,,,,False
2025-01-15,1736899200000.0,96574.07768799194,1736899200000.0,3224.8006483414138,237.2975616455078,428.2200012207031,136.218017578125,0.022420179557139264,0.028791549078037715,0.01967590353885762,0.08038151439752794,0.03400134520489595,0.013271273338130737,0.03423708485437876,,,,,False
2025-01-16,1736985600000.0,100313.15239828422,1736985600000.0,3447.034047674796,227.710693359375,413.8200073242188,133.54844665527344,0.03871716717163309,0.06891384106105347,-0.040400197202423715,-0.03362756026209668,-0.019597781338437703,0.019430356227823214,0.054910287446736636,0.030210561742377445,0.06163785620693508,0.02879340069748074,,False
2025-01-17,1737072000000.0,100044.57926776377,1737072000000.0,3309.44661399002,229.4265594482422,426.5,137.68777465820312,-0.0026773471284613493,-0.03991473010763724,0.007535289904717857,0.030641323404759113,0.030994954315076928,0.020852591626230873,0.055036365275044984,0.0317656609771437,0.05715861718721104,0.030115139197467583,,False
2025-01-18,1737158400000.0,104160.69358484232,1737158400000.0,3477.284285084809,,,,0.04114280201091147,0.050714723840925346,0.0,0.0,0.0,0.024629233947726703,0.05829317240355765,0.025777145730736636,0.032146002646673985,0.025509426778119147,,False
2025-01-19,1737244800000.0,104334.61575724394,1737244800000.0,3309.0995676199964,,,,0.001669748601087706,-0.04836668609069761,0.0,0.0,0.0,0.02414271683611692,0.05492761794245303,0.004350501654910717,0.017690776316064045,0.017894945217329816,,False
2025-01-20,1737331200000.0,101275.33714814208,1737331200000.0,3208.1365439891497,,,,-0.029321798780760466,-0.030510724010478274,0.0,0.0,0.0,0.03531727131623146,0.05281024924909563,0.0,0.0,0.0,,False
2025-01-21,1737417600000.0,101764.90860170544,1737417600000.0,3263.069869880814,222.10421752929688,424.0700073242188,140.80726623535156,0.004834063922662946,0.017123125882714918,-0.03191584242275669,-0.0056975209279747085,0.022656271298539643,0.01887287231977337,0.03385442981789931,0.018426620214192252,0.0032894652414796758,0.01308060433304505,,False
2025-01-22,1737504000000.0,106182.2368201815,1737504000000.0,3326.0285404709143,223.29135131835935,415.1099853515625,147.04627990722656,0.04340718504219265,0.01929430661942888,0.005344940326970082,-0.02112863871036752,0.04430889000747196,0.03638684221399359,0.028149123010272538,0.020147602486712254,0.010931609476589959,0.02215633942314511,,False
2025-01-23,1737590400000.0,103673.53509537788,1737590400000.0,3237.2996671291435,223.1217803955078,412.3800048828125,147.1962432861328,-0.023626378572642714,-0.026677123260406055,-0.0007594155431921434,-0.006576523247056931,0.001019837965305026,0.03364367476667467,0.025937579609476315,0.01998479433475016,0.00866656511685909,0.0216445265253803,,False
2025-01-24,1737676800000.0,104067.60991206949,1737676800000.0,3332.580893146162,222.24388122558597,406.5799865722656,142.5969696044922,0.0038011129487294237,0.029432315761337646,-0.00393461888106883,-0.014064741844588391,-0.031245863202501445,0.033700659955782586,0.0299010053952839,0.004716200729435129,0.007277088716791233,0.03791116421139382,,False
2025-01-25,1737763200000.0,104835.19253555956,1737763200000.0,3311.8499838687,,,,0.007375807171305482,-0.006220676989446172,0.0,0.0,0.0,0.01696162949543334,0.028395631217550843,0.002087257129319399,0.00703729397494058,0.018341299066110775,,False
2025-01-26,1737849600000.0,104796.04077738234,1737849600000.0,3320.1314101789453,,,,-0.00037346006842065016,0.0025005439106791094,0.0,0.0,0.0,0.0038785014591791772,0.018585459913115547,0.002271653270143657,0.00812028249005568,0.018039807531026415,,False
2025-01-27,1737936000000.0,102552.24874280208,1737936000000.0,3232.2767744705584,229.3068389892578,397.1499938964844,118.40087890625,-0.021411038221822998,-0.02646119230071431,0.03178021246174456,-0.023193450212053546,-0.16968166129583684,0.01489582326806796,0.014857771919284082,0.01834831421969172,0.013390744723365286,0.0979657528256943,,False
2025-01-28,1738022400000.0,101958.46953745594,1738022400000.0,3173.5346079397173,237.68663024902344,398.0899963378906,128.9691925048828,-0.005790016431870937,-0.018173618978053918,0.036544009313905335,0.0023668700890153715,0.08925874280883361,0.01092348463297545,0.014915802845230265,0.019866807667132808,0.014123669144681184,0.13153524383590037,,False
2025-01-29,1738108800000.0,101313.11264498268,1738108800000.0,3076.4937692857234,238.78399658203125,389.1000061035156,123.6800308227539,-0.006329605528613502,-0.03057815673766784,0.004616861839717767,-0.02258280870425211,-0.04101104751763607,0.008867140559722837,0.0063180406348711795,0.017223453599197917,0.014584177092723387,0.1294710250723119,,False
2025-01-30,1738195200000.0,103718.97939813643,1738195200000.0,3114.4358854363104,237.0182342529297,400.2799987792969,124.6298828125,0.023746844710854864,0.012332908497778572,-0.007394810181489464,0.028732954254456988,0.007679913915184411,0.017210995427173907,0.02208272437639941,0.02270918635425049,0.02566113921263302,0.06582316375539093,,False
2025-01-31,1738281600000.0,104781.5135100103,1738281600000.0,3248.249484352305,235.4320831298828,404.6000061035156,120.05062103271484,0.010244355642907266,0.042965597571531955,-0.006692105896604739,0.010792463618949588,-0.03674288763212952,0.01506434122330136,0.0369423085306038,0.0067412512354684696,0.02604188144420772,0.02696421150145962,FOMC,True
2025-02-01,1738368000000.0,102382.39409722164,1738368000000.0,3296.390634843652,,,,-0.022896399683704383,0.014820644388079174,0.0,0.0,0.0,0.02400076082925625,0.017013175577807776,0.004081692709804498,0.014513907901261438,0.0237430908076573,,False
2025-02-02,1738454400000.0,100674.78762544956,1738454400000.0,3125.0386801320924,,,,-0.016678712065968493,-0.05198168957899829,0.0,0.0,0.0,0.017615432995845788,0.04876760801733214,0.003863689140850221,0.006231031775619774,0.0212135160652141,,False
2025-02-03,1738540800000.0,97568.31653024876,1738540800000.0,2862.6976188716285,227.4613037109375,383.6799926757813,116.64117431640624,-0.030856495141148077,-0.08394810052379098,-0.03385596097600685,-0.05170542044525328,-0.028400075626260235,0.007106713867067454,0.050397864081073905,0.019546748183171016,0.029852138412629764,0.016396791307827015,,False
2025-02-04,1738627200000.0,101466.8606657039,1738627200000.0,2877.8138239498767,232.23977661132807,392.2099914550781,118.63085174560548,0.0399570708411936,0.005280405788791187,0.021007849785575683,0.02223206563315605,0.017058105260514322,0.037468169970366186,0.045207899998001275,0.027681502781655928,0.03793517956842599,0.022963701284820465,,False
2025-02-05,1738713600000.0,98118.43921664466,1738713600000.0,2740.3809762760143,231.9105682373047,378.1700134277344,124.80985260009766,-0.033000148295620035,-0.04775598981772633,-0.0014175365599594647,-0.035797094243459227,0.052085952040052286,0.0415168885317754,0.04487845525242893,0.027583772592549384,0.03891702730623071,0.04035549716591268,,False
2025-02-06,1738800000000.0,96582.88682919052,1738800000000.0,2790.5521609256075,232.6587677001953,374.3200073242188,128.65921020507812,-0.01564998790964922,0.018308105728340074,0.0032262413419859026,-0.010180622383618165,0.030841776709040536,0.03811370897834453,0.03499296344735075,0.011836724101922885,0.02908083381141992,0.01764584291982326,,False
2025-02-07,1738886400000.0,96635.41875332213,1738886400000.0,2686.662316793651,227.08221435546875,361.6199951171875,129.81903076171875,0.0005439050939168855,-0.03722913536133188,-0.023968808052454382,-0.03392822173149601,0.009014671820166686,0.016775347755113565,0.035495691130328896,0.014547022780720774,0.014280784232663431,0.02153629755050979,,False
2025-02-08,1738972800000.0,96558.4563096667,1738972800000.0,2623.4507017824767,,,,-0.0007964206566113408,-0.0235279344992686,0.0,0.0,0.0,0.008987649895541808,0.028931995883568797,0.014857563193079959,0.01741033111290877,0.01585823658978466,,False
2025-02-09,1739059200000.0,96558.23762501092,1739059200000.0,2635.6011418023404,,,,-2.264790305628317e-06,0.004631472591273944,0.0,0.0,0.0,0.000673975543565761,0.021342389786975887,0.013838397781238994,0.019588467949804535,0.005204623202029157,,False
2025-02-10,1739145600000.0,96548.57865379583,1739145600000.0,2632.5358220552475,227.3518524169922,350.7300109863281,133.54844665527344,-0.00010003259641711004,-0.0011630438682375122,0.001187402819233352,-0.030114441341470455,0.02872780571286171,0.0004330508850548692,0.014870087209049575,0.0006855473373206808,0.017386580814993165,0.01658600636154791,,False
2025-02-11,1739232000000.0,97399.98161383196,1739232000000.0,2660.2967996436387,232.3153533935547,328.5,132.77857971191406,0.008818389373592916,0.010545337068468719,0.021831803540614203,-0.06338211812502892,-0.0057647015943705915,0.005121063510283942,0.0058542918474855064,0.012276188689464704,0.03170412905258898,0.01847634373050906,,False
2025-02-12,1739318400000.0,95739.9773707924,1739318400000.0,2603.0333698049267,236.55978393554688,336.510009765625,131.11883544921875,-0.01704316793016536,-0.021525203445864616,0.018270124983095215,0.0243835913717656,-0.012500090498756777,0.013136642338312323,0.016228695242816466,0.01103552016459983,0.044308753182759106,0.022116501946392784,,False
2025-02-13,1739404800000.0,97836.18856127484,1739404800000.0,2736.27031360324,241.21368408203125,355.94000244140625,135.26815795898438,0.021894836911899418,0.05118526152751479,0.019673251594414687,0.05773971683431944,0.031645510696841184,0.019815742258275006,0.03643929825880183,0.0017941416210788181,0.06256456634718646,0.023782779317143277,CPI,True
2025-02-14,1739491200000.0,96561.6639990985,1739491200000.0,2675.7090007037627,244.2796630859375,355.8399963378906,138.8275909423828,-0.013027128109943775,-0.022132796090503004,0.012710634620810346,-0.0002809633725618932,0.026313901490975677,0.02141588366106298,0.04215589808149792,0.003682271321183281,0.029118638642281897,0.02409628649060491,,False
2025-02-15,1739577600000.0,97488.48148536457,1739577600000.0,2724.669833587396,,,,0.009598192987589016,0.018298265196535102,0.0,0.0,0.0,0.017713724657990395,0.03672365908001065,0.0099755960213079,0.033417443479399865,0.01694248021820063,,False
2025-02-16,1739664000000.0,97569.95169430463,1739664000000.0,2692.8213863864253,,,,0.0008356906138937692,-0.011688919812731235,0.0,0.0,0.0,0.011408069845402262,0.02098799868687505,0.0073384883198958015,0.00016221427878325515,0.015192338109244027,,False
2025-02-17,1739750400000.0,96149.3484548204,1739750400000.0,2659.9017474093457,,,,-0.014559843628242364,-0.012224961946419866,0.0,0.0,0.0,0.012229845022060112,0.017469907465741816,0.0,0.0,0.0,,False
2025-02-18,1739836800000.0,95776.15723852724,1739836800000.0,2741.9050800956124,244.14984130859372,354.1099853515625,139.37750244140625,-0.0038813702046927023,0.03082945930846326,-0.0005314473407395104,-0.004861766535893763,0.0039611110103585645,0.007887785198483441,0.024704193617871368,0.000306831265235256,0.0028069422182355106,0.0022869485081200053,,False
2025-02-19,1739923200000.0,95495.89153299289,1739923200000.0,2669.494500689608,244.5493011474609,360.55999755859375,139.20751953125,-0.0029262575740679475,-0.026408857086868798,0.0016361257362533799,0.018214714280444966,-0.0012195864266379974,0.006458616457551329,0.029807971346381856,0.0011297283408642435,0.012165090471198282,0.00270854873262763,,False
2025-02-20,1740009600000.0,96554.87156259285,1740009600000.0,2714.8018364720533,245.508056640625,354.3999938964844,140.08738708496094,0.011089273188617632,0.016972252900592677,0.003920499828318658,-0.01708454543992588,0.00632054616498956,0.008381204232354592,0.029861256216449625,0.0022262289352432485,0.017925577758284864,0.0038570316670103037,,False
2025-02-21,1740096000000.0,98384.31738240314,1740096000000.0,2741.5933625994785,245.2284240722656,337.79998779296875,134.40829467773438,0.018947214057701167,0.009868685724126802,-0.001138995486281491,-0.046839747148427646,-0.04053964118684206,0.01108024592452417,0.023268152350292098,0.0025337112315968625,0.03256657979514301,0.025162132476181733,,False
2025-02-22,1740182400000.0,96135.15541305284,1740182400000.0,2658.3470942919384,,,,-0.022860980582994683,-0.03036419238650656,0.0,0.0,0.0,0.02221970636234571,0.025527384642491265,0.002654120144858876,0.023703781816871758,0.0254273113339129,,False
2025-02-23,1740268800000.0,96564.15414290236,1740268800000.0,2764.355233404291,,,,0.004462454218816081,0.03987746345839316,0.0,0.0,0.0,0.021230102433703626,0.035244624739107444,0.0006575993506100049,0.02704294062491873,0.023405572752074055,,False
2025-02-24,1740355200000.0,96327.46309127836,1740355200000.0,2827.1844084879804,246.77639770507807,330.5299987792969,130.25897216796875,-0.002451127478150239,0.022728328951527432,0.006312374426694856,-0.021521578674915554,-0.030871030093152285,0.014206394129703004,0.03662148470546926,0.0036444510744779216,0.012425489241348243,0.01782339753444245,,False
2025-02-25,1740441600000.0,91396.76686930266,1740441600000.0,2503.103420098605,246.71646118164065,302.79998779296875,126.60956573486328,-0.051186816965203885,-0.11463029698961114,-0.00024287786026055969,-0.0838955952220366,-0.02801654559656408,0.03033096993990283,0.08468976027579533,0.0037165484234575187,0.043574012106875754,0.017059188178798337,,False
2025-02-26,1740528000000.0,88755.7693356979,1740528000000.0,2495.315451693047,240.0452117919922,290.79998779296875,131.25881958007812,-0.02889596234165903,-0.0031113250627299305,-0.02704014704854607,-0.039630120487999076,0.036721189415900746,0.024397332233206608,0.07299721563142286,0.017670387928450024,0.03208808054986162,0.03822702044899082,,False
2025-02-27,1740614400000.0,83900.11496524839,1740614400000.0,2325.853934699374,236.98922729492188,281.95001220703125,120.130615234375,-0.05470804215649505,-0.0679118613555233,-0.012730870465012423,-0.030433204805490277,-0.08478062183786483,0.013997289565384078,0.05600327792721683,0.013408945966467271,0.028583919431946703,0.06079449649436203,,False
2025-02-28,1740700800000.0,84709.14477847965,1740700800000.0,2305.322937802984,241.5232696533203,292.9800109863281,124.89983367919922,0.00964277359532062,-0.008827294177888079,0.019131850042938936,0.03912040539724382,0.039700274867646934,0.032384474469288105,0.03587656590154536,0.02363557230788649,0.04305797115035218,0.07102471252163194,,False
2025-03-01,1740787200000.0,84441.9012237131,1740787200000.0,2235.204208608959,,,,-0.0031548371249103813,-0.03041601158961682,0.0,0.0,0.0,0.03406498514383772,0.02989703872660133,0.01603816129855212,0.03486710667045063,0.06358637079908194,,False
2025-03-02,1740873600000.0,86005.25629681018,1740873600000.0,2212.8243514969954,,,,0.01851397292625223,-0.01001244406473778,0.0,0.0,0.0,0.010893532842540556,0.012136603502628488,0.011045778772386331,0.022586176586905996,0.02292096438173804,,False
2025-03-03,1740960000000.0,94261.5328653844,1740960000000.0,2517.3382391622977,237.71826171875,284.6499938964844,114.04158782958984,0.09599734858159392,0.1376132215190491,-0.01575420844555464,-0.02843203214376444,-0.08693563097528534,0.052128633785980615,0.09169102635653137,0.009095696486910419,0.016415241411810486,0.05019230994575095,,False
2025-03-04,1741046400000.0,86124.71418722175,1741046400000.0,2148.199533470228,235.6210174560547,272.0400085449219,115.97127532958984,-0.08632173094175022,-0.14663850091710728,-0.008822394407277834,-0.04429996705409467,0.016920910491736496,0.09150086071242335,0.14216132752264513,0.007895988144671955,0.022444965623855777,0.05572297902785344,,False
2025-03-05,1741132800000.0,87310.80531078295,1741132800000.0,2171.496943535016,235.4312744140625,279.1000061035156,117.28106689453124,0.013771785889272525,0.01084508664199979,-0.00080528912081268,0.025952056083059283,0.011294103313246984,0.09130535036341025,0.14240217816605102,0.007481022791182579,0.03684374023142564,0.058405083772606045,,False
2025-03-06,1741219200000.0,90604.08098523636,1741219200000.0,2241.3841149187283,235.0218048095703,263.45001220703125,110.55215454101562,0.03771899323034522,0.03218386817986585,-0.001739231992483825,-0.056073068986891905,-0.05737424233671751,0.06580055990665584,0.09766768796746603,0.004384012930640911,0.0443510124400116,0.0413657917993645,,False
2025-03-07,1741305600000.0,90001.40087607042,1741305600000.0,2202.3207363495417,238.7569122314453,262.6700134277344,112.67181396484376,-0.006651798711629242,-0.017428239233596488,0.015892599518165573,-0.0029607088371812473,0.01917338863840712,0.02220870221686576,0.024886695761636105,0.009921132468181167,0.041603268939565306,0.042104957426733286,,False
2025-03-08,1741392000000.0,86773.33597555371,1741392000000.0,2140.7498089428914,,,,-0.03586682950592812,-0.027957293590536336,0.0,0.0,0.0,0.03705212209317226,0.03211744470623937,0.009716662062220773,0.03155386311029621,0.03983081370726195,,False
2025-03-09,1741478400000.0,86142.9833586432,1741478400000.0,2199.9995000805707,,,,-0.0072643584555524,0.027677074121490675,0.0,0.0,0.0,0.016693285096805104,0.0295537170511288,0.00917559660993579,0.001709366044138456,0.01106976109166161,,False
2025-03-10,1741564800000.0,80751.13893300897,1741564800000.0,2017.265460184326,227.1820831298828,222.1499938964844,106.96273040771484,-0.06259180046256474,-0.08306094610001158,-0.048479556019480285,-0.1542620682219511,-0.0506700243497481,0.02766902980427747,0.055369222066023766,0.02798968471804047,0.08906324661369189,0.029254352198171938,,False
2025-03-11,1741651200000.0,78783.94057934263,1741651200000.0,1879.1231054991024,220.55078125,230.5800018310547,108.74244689941406,-0.024361245917513652,-0.06848000791755038,-0.029189369991345693,0.037947369642955975,0.016638659885694684,0.02832844477655045,0.06016878662994836,0.024407642072848255,0.10180148702194598,0.03505889174874763,,False
2025-03-12,1741737600000.0,82799.1080292053,1741737600000.0,1921.3099227587036,216.69583129882807,248.08999633789065,115.73196411132812,0.050964288157419935,0.02245026796602345,-0.01747874085652068,0.07593891216839133,0.06427588684278285,0.057779028270307446,0.057174491870985486,0.01565407642597412,0.12341009999218079,0.05775281647612359,CPI,True
2025-03-13,1741824000000.0,83884.24578828987,1741824000000.0,1910.6551381032464,209.4053955078125,240.67999267578125,115.5719757080078,0.013105669673419973,-0.005545583525722209,-0.0336436365541426,-0.02986820819658209,-0.0013824046325389139,0.037662936779388284,0.04657042077424524,0.008349482800956926,0.053599528326749885,0.033924119733089036,,False
2025-03-14,1741910400000.0,81098.90052436228,1741910400000.0,1862.7949366490388,213.21041870117188,249.97999572753903,121.66155242919922,-0.033204629042709044,-0.025049105147106454,0.018170607228777946,0.038640532386444715,0.05269077286155177,0.04215512104781643,0.023875878701191518,0.02651067624756014,0.053665264045685335,0.03504552902944932,,False
2025-03-15,1741996800000.0,83971.70916064628,1741996800000.0,1910.6662703455045,,,,0.03542352137586624,0.025698659983788064,0.0,0.0,0.0,0.03500607876180003,0.025599237533885873,0.026289354963703698,0.03434784840484851,0.030827847561426047,,False
2025-03-16,1742083200000.0,84391.69087647168,1742083200000.0,1939.7856881721348,,,,0.00500146680380098,0.015240452128442383,0.0,0.0,0.0,0.03438757089921935,0.02679539202545168,0.010490804974873882,0.02230912177494432,0.030421031895426318,,False
2025-03-17,1742169600000.0,82610.61750343916,1742169600000.0,1887.7643429692785,213.71974182128903,238.00999450683597,119.52169799804688,-0.02110484284098013,-0.026818088987900612,0.0023888284785511527,-0.04788383640805216,-0.01758858397271912,0.028291626466404474,0.027797793422428788,0.0013791907651391532,0.027645745840020945,0.010154773691313642,,False
2025-03-18,1742256000000.0,84075.36559694471,1742256000000.0,1929.183357761872,212.4114532470703,225.30999755859372,115.42198181152344,0.017730748634636084,0.021940776107384874,-0.006121514854311894,-0.05335909096824709,-0.034301020276589655,0.01979805202732068,0.026429914073634486,0.004389483440654896,0.029354252362618377,0.017152374983226703,,False
2025-03-19,1742342400000.0,82780.03048688271,1742342400000.0,1932.7964059050655,214.95811462402344,235.8600006103516,117.51183319091795,-0.015406832915503599,0.0018728381253430015,0.011989284654961185,0.04682438935722,0.01810618173934242,0.02097128907722789,0.024506184113568974,0.00906086604859472,0.056326956498388286,0.026770433471738308,,False
2025-03-20,1742428800000.0,86815.44109470697,1742428800000.0,2060.728601068271,213.81961059570312,236.25999450683597,118.52176666259766,0.0487486001646702,0.06619020750056648,-0.005296399395350315,0.0016958954271570903,0.008594312966243134,0.03208355242757068,0.03290759364447656,0.010226409825160973,0.05017363554284448,0.02791952746946434,FOMC,True
2025-03-21,1742515200000.0,84270.84358966233,1742515200000.0,1980.831780524645,217.9841461181641,248.7100067138672,117.69182586669922,-0.0293104253455182,-0.03877115137927811,0.019476864216797285,0.052696235065183616,-0.007002433555188814,0.04163820549240178,0.052923757652092125,0.012705466741911876,0.027904880635257784,0.012676597280153815,,False
2025-03-22,1742601600000.0,84009.532917822,1742601600000.0,1964.5293833168291,,,,-0.0031008431945065418,-0.008230076560816313,0.0,0.0,0.0,0.03972513569682583,0.05398768808525912,0.013045527179021802,0.02994663001223732,0.00781190110355517,,False
2025-03-23,1742688000000.0,83793.30854192551,1742688000000.0,1979.5449257665969,,,,-0.0025738076190472414,0.0076433280037868645,0.0,0.0,0.0,0.015286522879538246,0.023590344493526233,0.011244972798537681,0.030424185500163552,0.004042856898070534,,False
2025-03-24,1742774400000.0,85787.70914901773,1742774400000.0,2001.0470230951885,220.44091796875,278.3900146484375,121.40157318115234,0.023801430469765128,0.010862141620890275,0.011270415277146562,0.11933580126800525,0.03152085786021264,0.015382150256312824,0.010221207761896821,0.006506977294139403,0.0688985569860425,0.01819857577068165,,False
2025-03-25,1742860800000.0,87327.72969669085,1742860800000.0,2077.739325831977,223.45697021484372,288.1400146484375,120.68162536621094,0.017951528988820797,0.03832608721916109,0.013681907487435252,0.03502280788451673,-0.005930300539574662,0.013851377635723847,0.01686248687666958,0.007303334257884725,0.06134100231448887,0.020130086149092674,,False
2025-03-26,1742947200000.0,87520.58391530563,1742947200000.0,2068.598435049149,221.2398681640625,272.0599975585937,113.75210571289062,0.0022083961106582617,-0.004399440617589456,-0.009921829910472635,-0.05580626179068948,-0.05741984028051117,0.011167860978344728,0.02165123140907411,0.012987577204915503,0.08759123149018536,0.04465461856288175,,False
2025-03-27,1743033600000.0,86960.8555491039,1743033600000.0,2009.8835432902424,223.5568389892578,273.1300048828125,111.4222640991211,-0.0063953911315695056,-0.02838390030857363,0.010472664101739193,0.003932982922226103,-0.02048174492391408,0.01234668583789239,0.03379089490663613,0.012802155080767786,0.046161445805489656,0.026543486724546487,,False
2025-03-28,1743120000000.0,87227.27158032371,1743120000000.0,2003.3034241292064,217.6146240234375,263.54998779296875,109.66238403320312,0.0030636316712566725,-0.0032738808091657967,-0.026580331841719373,-0.03507493471452938,-0.015794689509740945,0.005231788973159275,0.014183524895757717,0.018557862578942336,0.03033200432866318,0.022800016643699822,,False
2025-03-29,1743206400000.0,84359.46915506005,1743206400000.0,1896.9173600459983,,,,-0.03287736017998477,-0.05310531734824542,0.0,0.0,0.0,0.018630274162934477,0.024915970806085996,0.01910111359140147,0.021476099266591404,0.01073112746711576,,False
2025-03-30,1743292800000.0,82679.17255385047,1743292800000.0,1829.2745211803465,,,,-0.01991829273037571,-0.03565934936881565,0.0,0.0,0.0,0.018201928348469374,0.0252862032213739,0.015346161743966247,0.020250522999242116,0.009119068240215364,,False
2025-03-31,1743379200000.0,82356.38111183756,1743379200000.0,1805.3378779435932,221.83909606933597,259.1600036621094,108.37247467041016,-0.0039041445631627925,-0.013085320415061608,0.019412629389482072,-0.016657121359109794,-0.01176255079775046,0.014513428229653595,0.02006468180857555,0.011207886803695895,0.009616993500606357,0.0067911118694377005,,False
2025-04-01,1743465600000.0,82514.09365397849,1743465600000.0,1824.207136760985,222.897705078125,268.4599914550781,110.14234924316406,0.001915000878034645,0.010451926505239628,0.004771967734930493,0.035885119854736525,0.016331403136604195,0.011306400141647795,0.023057314596910586,0.01011575363446915,0.02685109752795632,0.014108759556540111,,False
2025-04-02,1743552000000.0,85237.5876052852,1743552000000.0,1907.1671522994227,223.59678649902344,282.760009765625,110.4123306274414,0.03300640933811416,0.045477300174222135,0.0031363329678670837,0.05326685079977622,0.0024512041565529774,0.01984492849989803,0.02946851235789239,0.00896234809242308,0.03640552514133084,0.014047306985637414,,False
2025-04-03,1743638400000.0,82526.4221526433,1743638400000.0,1795.761850567479,202.9239044189453,267.2799987792969,101.79293060302734,-0.03180715842401194,-0.058414020814916534,-0.09245607865732186,-0.05474611137253549,-0.07806555640509083,0.032415681066627386,0.0528562548771393,0.05566847921200524,0.057998483660716284,0.05096795500734308,,False
2025-04-04,1743724800000.0,83163.98757387721,1743724800000.0,1818.2844199542053,188.13330078125,239.42999267578125,94.30345153808594,0.0077255914482110555,0.012542069194536598,-0.07288743866843539,-0.10419786826814681,-0.07357563065110018,0.0326668961684912,0.0530925335710888,0.050498275028530874,0.0805268216273723,0.04524597178292525,,False
2025-04-05,1743811200000.0,83852.00765399594,1743811200000.0,1814.4807753449504,,,,0.008273053038823308,-0.0020918864878964882,0.0,0.0,0.0,0.02298391240831487,0.03746354268595885,0.04872308978186226,0.05212134674984073,0.043832567716672106,,False
2025-04-06,1743897600000.0,83595.88550177493,1743897600000.0,1809.935827172196,,,,-0.00305445462054843,-0.002504820240870509,0.0,0.0,0.0,0.00638776874465184,0.008570609224564865,0.0420815823357635,0.06015866729359974,0.04247891016220914,,False
2025-04-07,1743984000000.0,78211.48358199988,1743984000000.0,1574.6321611455576,181.2223663330078,233.2899932861328,97.63321685791016,-0.06440989155693222,-0.13000663476244445,-0.03673424332398123,-0.025644236634809525,0.035309050363649064,0.039105865942203125,0.07373269971855453,0.021208525271577745,0.01480570692426977,0.020385689732282723,,False
2025-04-08,1744070400000.0,79179.29226757778,1744070400000.0,1555.909812570873,172.19419860839844,221.8600006103516,96.29331970214844,0.012374253002926494,-0.011889982331533155,-0.04981817590892468,-0.048994783337158454,-0.013723783758059827,0.04061678535690742,0.07105905707607652,0.025827777602694103,0.02450633828942965,0.02529588273556155,,False
2025-04-09,1744156800000.0,76329.090356324,1744156800000.0,1471.3608854365525,198.58958435058597,272.20001220703125,114.32205963134766,-0.03599680964085705,-0.05434050640417132,0.15328847287251257,0.22689989839624514,0.18722731737741682,0.03882196066886139,0.059831643740662056,0.11367507256929482,0.15299328066871554,0.10477334562603377,,False
2025-04-10,1744243200000.0,82622.17029546302,1744243200000.0,1662.5331604641576,190.17062377929688,252.3999938964844,107.56253051757812,0.08244667805893258,0.12992888211166798,-0.04239376701864905,-0.07274069589492616,-0.05912707604784995,0.059552167932842216,0.09649684351487191,0.11518027293147774,0.16656641794348562,0.13110637612148118,,False
2025-04-11,1744329600000.0,79596.35732250768,1744329600000.0,1523.928624242526,197.89048767089844,252.30999755859372,110.92229461669922,-0.03662228869242723,-0.08336948670722155,0.04059440800152636,-0.0003565623615965352,0.03123545051380172,0.06856465299964529,0.11568209554798246,0.09821619728872578,0.1563486741712881,0.12462566341791466,,False
2025-04-12,1744416000000.0,83439.28818043756,1744416000000.0,1568.131690125936,,,,0.04828023526703795,0.029005994887314035,0.0,0.0,0.0,0.06130960124778689,0.10670041562719935,0.041497338541576285,0.04189430900764208,0.045893083533675647,,False
2025-04-13,1744502400000.0,85305.09728392666,1744502400000.0,1645.8625733156498,,,,0.02236127781260877,0.04956910422712735,0.0,0.0,0.0,0.04351109446234389,0.07155855328439677,0.023437192387274756,0.00020586137547545574,0.01803379576240259,,False
2025-04-14,1744588800000.0,83600.82010054543,1744588800000.0,1595.4227460001084,202.25477600097656,252.3500061035156,110.70230865478516,-0.01997860898873105,-0.030646439218754762,0.022054058188669234,0.00015856900364230597,-0.001983243879638774,0.034457046180735695,0.041664908837890265,0.012732916431951877,9.154985699372071e-05,0.0011450263877773874,,False
2025-04-15,1744675200000.0,84523.4524914945,1744675200000.0,1621.543195596693,201.87527465820312,254.1100006103516,112.19220733642578,0.011036164356275968,0.016372118087241372,-0.0018763529360197317,0.006974418324816822,0.013458605333035445,0.02191970336931002,0.04030574407001907,0.013307684243363302,0.003981696813074211,0.008401567521436006,,False
2025-04-16,1744761600000.0,83656.49248858042,1744761600000.0,1587.82222440214,194.0155792236328,241.5500030517578,104.48274230957033,-0.010257034909942009,-0.020795604635215792,-0.038933422866557765,-0.049427403598542696,-0.06871658210393727,0.015863088724049606,0.02479658338529384,0.030728281907430436,0.0307852507898074,0.043674078063093646,,False
2025-04-17,1744848000000.0,84105.77942167096,1744848000000.0,1577.7073516760115,196.72203063964844,241.3699951171875,101.48294830322266,0.005370616430659725,-0.006370280356755242,0.013949660263602004,-0.0007452201709629014,-0.028710904212866373,0.011028162847242059,0.01873831315735107,0.027142554556092605,0.03057971364062695,0.04109234160028611,,False
2025-04-18,1744934400000.0,84930.90857600998,1744934400000.0,1583.4764497002343,,,,0.009810611827305804,0.0036566337971957186,0.0,0.0,0.0,0.010540773936770735,0.01229187368647123,0.027407495686787076,0.028324249218861435,0.03451265212520297,,False
2025-04-19,1745020800000.0,84433.75017215389,1745020800000.0,1589.1516208270757,,,,-0.005853680505621295,0.0035839946517144394,0.0,0.0,0.0,0.008073293990347155,0.005768186815635681,0.008053840108294484,0.00043025306632269404,0.016576248275975928,,False
2025-04-20,1745107200000.0,85126.66244301842,1745107200000.0,1615.0502549158562,,,,0.008206579353063681,0.01629714480944333,0.0,0.0,0.0,0.00861813864052227,0.007319061666056323,0.0,0.0,0.0,,False
2025-04-21,1745193600000.0,85073.16544858096,1745193600000.0,1585.4600253443446,192.9070281982422,227.5,96.9032745361328,-0.000628439937643166,-0.018321553451012162,-0.01939285818167713,-0.05746362595919796,-0.04512751988054364,0.007106940412420381,0.017511574714372646,0.011196471891547558,0.03317663991615508,0.026054385750892046,,False
2025-04-22,1745280000000.0,87452.04699068287,1745280000000.0,1577.4465595922347,199.4784240722656,237.97000122070312,98.88313293457033,0.02796277215686449,-0.005054347396976744,0.03406509309381023,0.04602198338770602,0.02043128478284073,0.014639115006272518,0.01746596330566755,0.027062477314900375,0.05184811569256396,0.033545708412399,,False
2025-04-23,1745366400000.0,93576.1658857398,1745366400000.0,1759.7064599311093,204.33206176757807,250.7400054931641,102.70286560058594,0.07002830815051597,0.1155410934402672,0.024331642471539405,0.05366224400956132,0.03862875854209724,0.035541859775622055,0.07375464656542983,0.028473158626332342,0.06207066389820496,0.04405341283661903,,False
2025-04-24,1745452800000.0,93605.45230873208,1745452800000.0,1793.969849485534,208.09710693359372,259.510009765625,106.422607421875,0.0003129688282810239,0.019471082441651077,0.01842611058414456,0.0349764859229853,0.036218481339705066,0.03510519780924398,0.06373670328360383,0.007897184538670042,0.00939445006269757,0.00988427254561715,,False
2025-04-25,1745539200000.0,93872.81422867288,1745539200000.0,1769.3925107354407,209.00592041015625,284.95001220703125,111.0022964477539,0.002856264387879559,-0.013699973138980859,0.0043672566618262465,0.09803091011549903,0.04303304661315366,0.03953643963140707,0.06712304526284704,0.010255920089077034,0.032387231273913394,0.003455562893636999,,False
2025-04-26,1745625600000.0,94773.11200643536,1745625600000.0,1788.7981804331257,,,,0.009590612417023747,0.010967419371306741,0.0,0.0,0.0,0.004793997396760177,0.017229390912062367,0.009628480804523625,0.04968110693184977,0.02313028242813047,,False
2025-04-27,1745712000000.0,94644.06637120109,1745712000000.0,1821.2695303291391,,,,-0.0013616270744123415,0.018152606734064936,0.0,0.0,0.0,0.005524092710468313,0.016706755196942216,0.0025214368093257086,0.05659817234408745,0.024845141046153908,,False
2025-04-28,1745798400000.0,93809.33781968225,1745798400000.0,1793.6918440730135,209.8647918701172,285.8800048828125,108.72245025634766,-0.008819660687918618,-0.015142012643862612,0.004109316416853082,0.0032637046356942534,-0.020538729957531254,0.009260237317482177,0.01752075453623406,0.0023725149394556223,0.0018843007499765897,0.011858041269793595,,False
2025-04-29,1745884800000.0,95030.60645474444,1745884800000.0,1799.50191449199,210.9333953857422,292.0299987792969,109.0124282836914,0.013018625474253698,0.0032391686666664032,0.005091866558952551,0.021512501019458785,0.002667140288505676,0.011100485509235945,0.016677380594095004,0.002701203165558559,0.011593518573736443,0.012698198556375682,,False
2025-04-30,1745971200000.0,94256.35946318062,1745971200000.0,1796.9720456768928,212.22171020507807,282.1600036621094,108.91243743896484,-0.008147343476467617,-0.0014058716996760978,0.006107685399838525,-0.03379788089732105,-0.0009172426144508083,0.012418809621944787,0.009557944290955796,0.0009992306449965389,0.02818338174485461,0.012492417568439664,,False
2025-05-01,1746057600000.0,94235.75331048168,1746057600000.0,1794.0495408617828,213.04063415527344,280.5199890136719,111.6022491455078,-0.00021861816875057283,-0.0016263496263845267,0.0038588132637513706,-0.005812356915055328,0.024697011377147193,0.010693358888366172,0.0027476741310051224,0.001126183394684522,0.027655848572178086,0.013869949702643991,FOMC,True
2025-05-02,1746144000000.0,96426.94522273028,1746144000000.0,1838.8543285925757,205.08106994628903,287.2099914550781,114.49205017089844,0.023252235327595905,0.024974108412452622,-0.03736171853104375,0.023848576584252656,0.02589375256786175,0.016328294450252075,0.015294532405996424,0.024473723138080133,0.028827286231356393,0.015145690584506277,,False
2025-05-03,1746230400000.0,96855.5681343944,1746230400000.0,1841.427590836958,,,,0.004445053306148639,0.0013993834119268023,0.0,0.0,0.0,0.0124253832339329,0.014563121730049972,0.02276664480053792,0.0157178723859889,0.014616548740418149,,False
2025-05-04,1746316800000.0,95922.86842404422,1746316800000.0,1834.501911876416,,,,-0.009629799590416765,-0.003761037900705144,0.0,0.0,0.0,0.016497675593838555,0.015319411654351632,0.021570798251285155,0.013768982110708086,0.01494976501538444,,False
2025-05-05,1746403200000.0,94326.62048529249,1746403200000.0,1808.156093844096,198.6295318603516,280.260009765625,113.81209564208984,-0.016640952934134923,-0.01436129221875393,-0.03145847682395608,-0.024198258752220814,-0.005938879841819955,0.010738384534264433,0.008035278838417792,0.018162560062606668,0.013970871204515354,0.003428813875359231,,False
2025-05-06,1746489600000.0,94758.8237105546,1746489600000.0,1820.00445988936,198.25001525878903,275.3500061035156,113.53211975097656,0.004581985690131907,0.006552734072905686,-0.0019106756080429221,-0.017519458684867262,-0.0024599836206665726,0.010813141972610315,0.010457340162610022,0.01763688843521666,0.01249728990348149,0.0029839719644310756,,False
2025-05-07,1746576000000.0,96854.53198815876,1746576000000.0,1816.168694381844,195.99298095703125,276.2200012207031,117.05187225341795,0.022116233565811383,-0.0021075583011204158,-0.01138478753109562,0.003159597232260225,0.03100226182829746,0.019407826934026717,0.010508339185745482,0.015087436027215675,0.014263484894600909,0.020398008633589444,,False
2025-05-08,1746662400000.0,97026.493769668,1746662400000.0,1810.316926928448,197.2313690185547,284.82000732421875,117.36185455322266,0.0017754644824494736,-0.003222039599899418,0.006318532712122682,0.031134624811778533,0.002648247258562275,0.011023257963336733,0.005350840010745123,0.008858952288891728,0.024418044429605552,0.0180266748432379,,False
2025-05-09,1746748800000.0,103076.27555512934,1746748800000.0,2197.5611893238784,198.2700042724609,298.260009765625,116.64189910888672,0.06235185412164812,0.21390965119707794,0.0052660753665838556,0.04718770485146129,-0.006134492736815433,0.030827885185699257,0.125040558764152,0.009931150062097924,0.022281448963069703,0.019408869122459524,,False
2025-05-10,1746835200000.0,102962.540456923,1746835200000.0,2341.407963002621,,,,-0.0011034071380033872,0.06545746001411668,0.0,0.0,0.0,0.03583377611755351,0.11098130314202205,0.0033853377937041406,0.02399217139707367,0.004505214321703911,,False
2025-05-11,1746921600000.0,104630.8792994166,1746921600000.0,2583.6829051429518,,,,0.016203357406391783,0.1034740403930452,0.0,0.0,0.0,0.0328018750216198,0.07711391744727392,0.003040370030470189,0.027243834098431983,0.003541751032941851,,False
2025-05-12,1747008000000.0,103994.061616746,1747008000000.0,2507.4693107597423,210.7899932861328,318.3800048828125,122.99146270751952,-0.006086326397470643,-0.02949804491545871,0.06314615798599088,0.06745790403815088,0.05443638732858247,0.011698885897224556,0.06848769204685641,0.036457451311502485,0.038946839055394485,0.03142886287786776,,False
2025-05-13,1747094400000.0,102876.8304286011,1747094400000.0,2492.426391077375,212.92999267578125,334.07000732421875,129.9209747314453,-0.010743221014506421,-0.00599924378648109,0.010152281691776288,0.049280740626853614,0.05634140672352639,0.014402747192485934,0.07096732707714004,0.03390884107089532,0.03490360412056958,0.03199297703108283,,False
2025-05-14,1747180800000.0,104184.49039270742,1747180800000.0,2676.639163127913,212.3300018310547,347.67999267578125,135.33059692382812,0.01271092780228944,0.0739090120013175,-0.0028177845553216674,0.04073991993646375,0.041637789460591934,0.01241719593712009,0.054207229557407616,0.034947139269507745,0.013645546051150719,0.00799614039080183,,False
2025-05-15,1747267200000.0,103594.42575090707,1747267200000.0,2603.718088719961,211.4499969482422,342.82000732421875,134.8206329345703,-0.005663651466510822,-0.027243520685371947,-0.004144515024837148,-0.013978329078298546,-0.003768283011009288,0.01233912670342303,0.05333617208008215,0.007899169033818536,0.03432380683351883,0.03133443946068842,,False
2025-05-16,1747353600000.0,103708.8513642364,1747353600000.0,2542.296692466797,211.25999450683597,349.9800109863281,135.39059448242188,0.0011045537682159434,-0.023589879610722342,-0.0008985691376137694,0.0208856061756566,0.004227554310089587,0.00929284387421875,0.05737481710589654,0.0016319602865417968,0.027700103885323093,0.02423898555969165,,False
2025-05-17,1747440000000.0,103556.03493982446,1747440000000.0,2544.3870377235667,,,,-0.0014735138071796383,0.0008222271078601739,0.0,0.0,0.0,0.003415950041761029,0.015258802086747477,0.0021802368368658903,0.01754563673461237,0.004000116389166739,,False
2025-05-18,1747526400000.0,103212.36483885496,1747526400000.0,2475.0543933696918,,,,-0.00331868732874141,-0.027249252305539984,0.0,0.0,0.0,0.0022217170368058325,0.015260788093542333,0.0005187891334878873,0.012058310347704293,0.002440779618943496,,False
2025-05-19,1747612800000.0,106030.6376831359,1747612800000.0,2465.3409856139087,208.77999877929688,342.0899963378906,135.5605926513672,0.027305573791290394,-0.003924522944547704,-0.011739069355409137,-0.022544186527114873,0.0012556128407235079,0.017173069602689852,0.01502543727750018,0.006777554852381233,0.01301589216009135,0.0007249284115880673,,False
2025-05-20,1747699200000.0,105629.41580436694,1747699200000.0,2526.989643891319,206.8600006103516,343.82000732421875,134.37066650390625,-0.003784018351072893,0.02500613855736411,-0.009196274452395903,0.005057180873010214,-0.00877781753670237,0.0178167741266797,0.026177764256892572,0.006175799800480528,0.014694958925361925,0.005466509694678271,,False
2025-05-21,1747785600000.0,106786.71995834044,1747785600000.0,2524.2743433146065,202.08999633789065,334.6199951171875,131.7908477783203,0.010956267675634068,-0.0010745198672563738,-0.02305909435553888,-0.026758222357769146,-0.019199270143613778,0.015551733998663251,0.015944207079378058,0.007380001666546058,0.01728107569508663,0.010228054861341542,,False
2025-05-22,1747872000000.0,109665.86371625264,1747872000000.0,2558.9502343769486,201.3600006103516,341.0400085449219,132.82078552246094,0.026961627429285207,0.013736974015593484,-0.003612230891026025,0.019185982671137136,0.007814941336996561,0.015377160051215482,0.013080361643656006,0.010012823584198288,0.023532647176231873,0.013624083720859567,,False
2025-05-23,1747958400000.0,111560.356938144,1747958400000.0,2657.1674447566115,195.2700042724609,339.3399963378906,131.2808837890625,0.017275140665404587,0.038381836840831296,-0.03024432021966139,-0.004984788190348977,-0.011593830945518913,0.008061510637296663,0.019931355947319037,0.013778462367854401,0.022982524430603394,0.01393024747823711,,False
2025-05-24,1748044800000.0,107216.66856870624,1748044800000.0,2519.813809045145,,,,-0.0389357697362529,-0.05169175016896532,0.0,0.0,0.0,0.03558080340858602,0.046550220710012566,0.016517845398073373,0.012761767173856629,0.009765506179136314,,False
2025-05-25,1748131200000.0,107831.36374380375,1748131200000.0,2529.4429842284358,,,,0.005733205324353063,0.003821383607283124,0.0,0.0,0.0,0.02968782032126202,0.04544114146559878,0.01746156642027878,0.0028779688035531796,0.006693701417334208,,False
2025-05-26,1748217600000.0,108861.81037744328,1748217600000.0,2546.6201163370915,,,,0.009556093866045945,0.006790875388675843,0.0,0.0,0.0,0.026961060332113585,0.03294121884816122,0.0,0.0,0.0,,False
2025-05-27,1748304000000.0,109377.71513263127,1748304000000.0,2562.172928639224,200.2100067138672,362.8900146484375,135.49058532714844,0.004739079328180074,0.006107236883254874,0.025298316860348224,0.06939947711644767,0.03206637110129407,0.0025431736195972504,0.0015551188724746432,0.014605990049366543,0.04006780679480046,0.01851352798726648,,False
2025-05-28,1748390400000.0,109068.45694901443,1748390400000.0,2662.0940568241435,200.4199981689453,356.8999938964844,134.80064392089844,-0.00282743320466905,0.038998588685420055,0.0010488559414427723,-0.016506435862546853,-0.00509217230543435,0.006242428529545661,0.01879558982308173,0.014312822279399279,0.045586137757135776,0.020145056144969503,,False
2025-05-29,1748476800000.0,107838.18431100152,1748476800000.0,2676.2674124507,199.9499969482422,358.42999267578125,139.1803436279297,-0.011279820696354248,0.005324137811819174,-0.0023450814539321962,0.004286911755287504,0.03249019870855574,0.008013531516705521,0.0192198808059436,0.015075988835801215,0.044817844953809215,0.02157688419344329,,False
2025-05-30,1748563200000.0,105745.41660358038,1748563200000.0,2633.139206528669,200.8500061035156,346.4599914550781,135.12062072753906,-0.019406555486743637,-0.01611505850326722,0.0045011711378339925,-0.03339564619395741,-0.02916879492152613,0.008290094172232686,0.02778225418834388,0.003423167777785933,0.018874956531398077,0.031075043210228387,,False
2025-05-31,1748649600000.0,104010.91956242644,1748649600000.0,2524.4762348050726,,,,-0.016402574190579222,-0.04126746183953167,0.0,0.0,0.0,0.0041091427602287295,0.023320447716895475,0.003479250953579889,0.02063016388167207,0.03084440280064318,,False
2025-06-01,1748736000000.0,104687.50742934884,1748736000000.0,2532.3627853090866,,,,0.006504969572125763,0.003124034362170569,0.0,0.0,0.0,0.014172664979602932,0.022261293099985775,0.0025987523680972764,0.01928098531984314,0.016840611599880054,,False
2025-06-02,1748822400000.0,105710.00593822816,1748822400000.0,2538.3300584367485,201.6999969482422,342.69000244140625,137.37046813964844,0.00976714924241917,0.0023564053153362075,0.004231968229508221,-0.01088145559849063,0.016650659240576182,0.014260971226866904,0.025410745676205843,0.0024433279965087773,0.006282411318964486,0.009613262594731244,,False
2025-06-03,1748908800000.0,105884.74263221148,1748908800000.0,2609.737253959435,203.2700042724609,344.2699890136719,141.21018981933594,0.0016529815927304181,0.02813156440603448,0.0077838738124602624,0.004610541775392996,0.027951580362848505,0.004082958898493737,0.014664723201156025,0.0038968850785827515,0.007954717196283136,0.014060856518116545,,False
2025-06-04,1748995200000.0,105434.47745144973,1748995200000.0,2595.4689570063,202.82000732421875,332.04998779296875,141.91014099121094,-0.004252408511070782,-0.005467330832438111,-0.0022137892398476078,-0.03549540073392177,0.004956803561913636,0.007038718497576784,0.017580554763273207,0.005068153660053006,0.020225128356918486,0.011497947925390859,,False
2025-06-05,1749081600000.0,104812.9182188067,1749081600000.0,2610.343189828259,200.6300048828125,284.70001220703125,139.98028564453125,-0.005895218031779392,0.005730845973636711,-0.010797763348392997,-0.14259893789082123,-0.013599136278775292,0.003969629977946407,0.01710787884432964,0.009299777036585964,0.07610331267393187,0.02081483732392423,,False
2025-06-06,1749168000000.0,101650.7387545425,1749168000000.0,2421.601103763502,203.9199981689453,295.1400146484375,141.7101593017578,-0.030169749282839997,-0.07230546803203086,0.0163983113495636,0.036670186138995975,0.01235798062035287,0.01451240988062788,0.0421947904598085,0.013902765784927959,0.09020020180192692,0.013372061938588134,,False
2025-06-07,1749254400000.0,104409.74967959142,1749254400000.0,2481.4039836690267,,,,0.0271420646701952,0.02469559491552209,0.0,0.0,0.0,0.02876733950847801,0.05141098167216653,0.013693811177693667,0.09470707336262074,0.01298350306001627,,False
2025-06-08,1749340800000.0,105681.4546141758,1749340800000.0,2526.291995889778,,,,0.012179944291476064,0.018089763906310452,0.0,0.0,0.0,0.029726547088007264,0.05419738796514082,0.009467569471925908,0.021171541838583174,0.007134883437800725,,False
2025-06-09,1749427200000.0,105692.24740699006,1749427200000.0,2508.784123584585,201.4499969482422,308.5799865722656,142.62010192871094,0.00010212570269452215,-0.0069302647254069205,-0.012112599268742419,0.04553761352840424,0.006421153087659004,0.013545583828053619,0.016682494987670948,0.0069932124483945805,0.02629115342887746,0.0037072544636673928,,False
2025-06-10,1749513600000.0,110261.57485948496,1749513600000.0,2685.0001850413178,202.6699981689453,326.0899963378906,143.95001220703125,0.04323238046873712,0.070239627156502,0.0060560994747325125,0.05674382827003055,0.009324844536887644,0.02224989277348744,0.03937173750041855,0.009251063145427748,0.030053051817956013,0.004771711025138736,,False
2025-06-11,1749600000000.0,110212.73252109604,1749600000000.0,2808.503208314919,198.77999877929688,326.42999267578125,142.8300018310547,-0.00044296790111297835,0.04599739842166928,-0.019193760422328232,0.0010426457165473302,-0.007780550753727966,0.02506010128487255,0.03946351773750001,0.013024335441366436,0.029461848627420167,0.009153454394189011,,False
2025-06-12,1749686400000.0,108679.9760916168,1749686400000.0,2776.1371915822333,199.1999969482422,319.1099853515625,145.0,-0.013907253675847775,-0.011524294021406867,0.002112879422097258,-0.022424432461661592,0.01519287363387467,0.029871281740239272,0.04199557429447204,0.013583552006408142,0.040663126218889144,0.011935985796630431,,False
2025-06-13,1749772800000.0,105979.22902375912,1749772800000.0,2653.158968452672,196.4499969482422,325.3099975585937,141.97000122070312,-0.02485045695612742,-0.044298323405073115,-0.013805221095031128,0.019429076154419578,-0.02089654330549573,0.01222542576919045,0.04570958959155388,0.01107847147711344,0.020978086844551665,0.01826770147799401,,False
2025-06-14,1749859200000.0,106045.56440819205,1749859200000.0,2577.04861752583,,,,0.0006259281657734483,-0.02868669078326269,0.0,0.0,0.0,0.01278027954411653,0.016393128325466085,0.008645175080243934,0.02094461090160698,0.0181196713840559,,False
2025-06-15,1749945600000.0,105482.90611628916,1749945600000.0,2534.070219535952,,,,-0.00530581637282912,-0.016677371818906828,0.0,0.0,0.0,0.01333057117856658,0.013849571483331125,0.007970448115438592,0.011217382347860188,0.012064624902560564,,False
2025-06-16,1750032000000.0,105554.49383061715,1750032000000.0,2547.845604092044,198.4199981689453,329.1300048828125,144.69000244140625,0.0006786664964375522,0.005436070575271845,0.010028003315378786,0.011742668079331775,0.019158985682296903,0.0034400196175632847,0.01730891349969638,0.005789670413568517,0.006779632576607148,0.011061445541074175,,False
2025-06-17,1750118400000.0,106951.2720181497,1750118400000.0,2561.329843569428,195.63999938964844,316.3500061035156,144.1199951171875,0.013232768561933117,0.005292408400150661,-0.014010678383989505,-0.03882963749794621,-0.003939507323248437,0.009461312851703253,0.012725932946906379,0.012074202369213947,0.026467555904178545,0.012356690694057185,,False
2025-06-18,1750204800000.0,104683.42479835715,1750204800000.0,2514.986700576147,196.5800018310547,322.04998779296875,145.47999572753906,-0.021204490390798636,-0.018093391255183944,0.004804755900321256,0.0180179597897272,0.009436585181991752,0.01742796047639056,0.01354345991226589,0.012643582685231228,0.031167789716398133,0.011597307886777616,,False
2025-06-19,1750291200000.0,104722.695052907,1750291200000.0,2521.3334233964915,,,,0.0003751334523636185,0.0025235611857870044,0.0,0.0,0.0,0.017401742010503467,0.012777720638995245,0.009775866162379052,0.029051784054763538,0.0068737266524504115,,False
2025-06-20,1750377600000.0,104690.65002458123,1750377600000.0,2522.1791903642184,201.0,322.1600036621094,143.85000610351562,-0.00030599888887106186,0.00033544431683596443,0.022484475164182616,0.0003416111576173275,-0.011204218256069765,0.012267104069657234,0.011324520327781565,0.011840676894497882,0.010305474872862238,0.010333008703465096,,False
2025-06-21,1750464000000.0,103290.105144757,1750464000000.0,2405.695434213183,,,,-0.013377936611296048,-0.04618377496573289,0.0,0.0,0.0,0.007751198114497942,0.027511301353774317,0.012981417788628343,0.0001972292938275026,0.0064687584262010525,,False
2025-06-22,1750550400000.0,101532.5683847329,1750550400000.0,2270.581996055585,,,,-0.017015538492878735,-0.05616398328568506,0.0,0.0,0.0,0.00878745713167133,0.030154678023434224,0.012981417788628343,0.0001972292938275026,0.0064687584262010525,,False
2025-06-23,1750636800000.0,100852.58264648831,1750636800000.0,2227.4287266371684,201.5,348.67999267578125,144.1699981689453,-0.006697217937676414,-0.019005378133615802,0.0024875621890547706,0.0823193093872907,0.0022244841977929752,0.005233416483281123,0.019231188857864463,0.001436194699477148,0.04752707543425643,0.0012843065504029537,,False
2025-06-24,1750723200000.0,105511.62437933136,1750723200000.0,2423.899644268608,200.3000030517578,340.4700012207031,147.89999389648438,0.046196553529760154,0.08820525446309513,-0.005955319842392948,-0.023545920693855638,0.02587220486170838,0.03391161889630134,0.07496372287846766,0.004338510824898412,0.055585258866381576,0.014338375122673365,,False
2025-06-25,1750809600000.0,105976.06929808448,1750809600000.0,2446.539301545049,201.55999755859372,327.54998779296875,154.30999755859375,0.0044018364941795785,0.009340179297428142,0.0062905366332437485,-0.037947582404945,0.04334012120781927,0.02789186990688315,0.055553713420361445,0.006267719846456632,0.06567467810039128,0.020635076935538336,,False
2025-06-26,1750896000000.0,107238.53045016268,1750896000000.0,2417.2267855277296,201.0,325.7799987792969,155.02000427246094,0.011912700295830136,-0.011981216078894796,-0.002778316954637483,-0.0054037218123500486,0.00460117118203951,0.02228076165550619,0.052775674417514296,0.006354767941857167,0.016307718533295112,0.019400563670403027,,False
2025-06-27,1750982400000.0,106984.01253775664,1750982400000.0,2415.031864876594,201.0800018310547,323.6300048828125,157.75,-0.002373381202983915,-0.0009080325703308967,0.00039801905997349785,-0.006599526995335614,0.01761060284026872,0.007146196826304051,0.010663357353528706,0.004601720316494827,0.018453696062803133,0.01971446032990376,,False
2025-06-28,1751068800000.0,107078.91560644074,1751068800000.0,2423.0302896731746,,,,0.0008870771102420516,0.0033119334419171587,0.0,0.0,0.0,0.0074865109767905105,0.007898353503788048,0.0017304418872189095,0.0035162460101440967,0.009133723416677984,,False
2025-06-29,1751155200000.0,107331.58548463575,1751155200000.0,2437.133001780241,,,,0.002359660412734055,0.005820278915691368,0.0,0.0,0.0,0.0024221468759206125,0.0034002471874190294,0.00022979641142103506,0.0038102386872820625,0.010167486290420595,,False
2025-06-30,1751241600000.0,108396.61631317894,1751241600000.0,2502.6672721177083,205.1699981689453,317.6600036621094,157.99000549316406,0.009922809056944759,0.026889903131916304,0.020340144721736175,-0.018446995428822777,0.0015214294336867162,0.004847923452535767,0.012949527123485302,0.011743388030450387,0.010650377776570942,0.0008783976930907312,,False
2025-07-01,1751328000000.0,107132.79910701896,1751328000000.0,2488.190781689803,207.82000732421875,300.7099914550781,153.3000030517578,-0.011659194254814764,-0.005784424717256043,0.012916163079025322,-0.05335897504131726,-0.029685437548827576,0.010950740998924013,0.0165640670902243,0.010292912281569179,0.027099563890323045,0.01759454696229944,,False
2025-07-02,1751414400000.0,105613.39974163056,1751414400000.0,2405.1045592800183,212.44000244140625,315.6499938964844,157.25,-0.01418239211570127,-0.033392223386246256,0.022230752354752248,0.04968242780731846,0.025766450551919284,0.013248962965503692,0.03017652792401872,0.004923607654772796,0.05240546302941989,0.02779868548998202,,False
2025-07-03,1751500800000.0,108824.44423167944,1751500800000.0,2574.067718495133,213.5500030517578,315.3500061035156,159.33999633789062,0.03040376029844971,0.0702518975997013,0.005225007520218483,-0.0009503811144286889,0.013290914708366408,0.02504523793822253,0.05367466297640736,0.008515777558768332,0.05152325164058543,0.02909042723948874,,False
2025-07-04,1751587200000.0,109602.20483914016,1751587200000.0,2590.132231590221,,,,0.007146929285528181,0.00624090538864297,0.0,0.0,0.0,0.02230001916029985,0.0522976988583642,0.011623986774639354,0.028962412987635855,0.012885375317346692,,False
2025-07-05,1751673600000.0,108040.8919400104,1751673600000.0,2509.236345783362,,,,-0.014245269074844358,-0.031232338187302755,0.0,0.0,0.0,0.022331002975797265,0.05131715311215572,0.0030166594983162174,0.0005487027922544532,0.007673513184651533,,False
2025-07-06,1751760000000.0,108217.46849992426,1751760000000.0,2517.37917835065,,,,0.0016343493351749228,0.003245143719112553,0.0,0.0,0.0,0.011106882020069035,0.02082432604227571,0.0,0.0,0.0,,False
2025-07-07,1751846400000.0,109215.19771840284,1751846400000.0,2571.358192115984,209.9499969482422,293.94000244140625,158.24000549316406,0.009219668804942183,0.021442543987632456,-0.016857907057220234,-0.06789282780315342,-0.006903419543163314,0.011974296513842375,0.026753458802191245,0.009732917177459872,0.039197942408195637,0.003985691131574017,,False
2025-07-08,1751932800000.0,108300.71675785031,1751932800000.0,2543.6317028067488,210.00999450683597,297.8099975585937,160.0,-0.0083732024448685,-0.01078281874312459,0.00028577070476720756,0.013165935514200422,0.011122310703610028,0.008824183464596088,0.01615757361375548,0.009816452027527145,0.04349961884049783,0.009094778242724345,,False
2025-07-09,1752019200000.0,108953.19187727802,1752019200000.0,2615.7759888945047,211.13999938964844,295.8800048828125,162.8800048828125,0.006024661137622678,0.0283627091171057,0.0053807195484483206,-0.0064806174796112614,0.018000030517578036,0.009372083266690506,0.02089152555465232,0.011650613032747451,0.04228468937235728,0.012860869629077112,,False
2025-07-10,1752114742000.0,111239.94047598205,1752114738000.0,2775.988253026781,,,,0.020988358021486464,0.061248465010945496,0.0,0.0,0.0,0.014681688896896975,0.03606094639963637,0.0030274387270015856,0.010011054768103603,0.009083042110262474,,False
,,,,,,,,0.0,0.0,0.0,0.0,0.0,0.010806787517523715,0.030652054513435754,0.0031065598797307696,0.00374158624636951,0.010392322464745026,,False
